{
    "keep": {
        "days": false,
        "amount": 30
    },
    "auditLog": "logs\\info\\.1f6672a83c784f7910a9f3a99c34fba4233b1067-audit.json",
    "files": [
        {
            "date": 1614878528886,
            "name": "logs\\info\\2021-03-04.log",
            "hash": "15478c8d79a6862341feb6418a0c390d"
        },
        {
            "date": 1614936258244,
            "name": "logs\\info\\2021-03-05.log",
            "hash": "88127eb622c38ee69612dc2c6a17823a"
        },
        {
            "date": 1615137406613,
            "name": "logs\\info\\2021-03-07.log",
            "hash": "df272a83c50a457009841caed187c8ef"
        },
        {
            "date": 1615216373203,
            "name": "logs\\info\\2021-03-08.log",
            "hash": "5a8675cc17083292c6602dc6075dcdd1"
        },
        {
            "date": 1615304274915,
            "name": "logs\\info\\2021-03-09.log",
            "hash": "f29e7e2e8d9adeb1dea787ff377be289"
        },
        {
            "date": 1615453180628,
            "name": "logs\\info\\2021-03-11.log",
            "hash": "99f60d5afff0034430b2afeeb35b4791"
        },
        {
            "date": 1615539132209,
            "name": "logs\\info\\2021-03-12.log",
            "hash": "7a15af5a2c05809d14ac7262823324a9"
        },
        {
            "date": 1615801947869,
            "name": "logs\\info\\2021-03-15.log",
            "hash": "798dcc9ffaed0f30d7f2b7302fad2241"
        },
        {
            "date": 1615881114859,
            "name": "logs\\info\\2021-03-16.log",
            "hash": "57268482852854ba7619bca2b1f2195b"
        },
        {
            "date": 1616401782978,
            "name": "logs\\info\\2021-03-22.log",
            "hash": "729c16234f52a569ca3abc93bcd56e1c"
        },
        {
            "date": 1616489192613,
            "name": "logs\\info\\2021-03-23.log",
            "hash": "95ed8b9d907ed757a9a5264dabdb4984"
        },
        {
            "date": 1616574070654,
            "name": "logs\\info\\2021-03-24.log",
            "hash": "9a67fe95401d4cd4e02f86f9c9a5f6b5"
        },
        {
            "date": 1616659074945,
            "name": "logs\\info\\2021-03-25.log",
            "hash": "8f7c34ef5785f5805f746e578cc8229d"
        },
        {
            "date": 1616752158872,
            "name": "logs\\info\\2021-03-26.log",
            "hash": "f0d84d5be45e8e1ad01fb91102019726"
        },
        {
            "date": 1616962840158,
            "name": "logs\\info\\2021-03-28.log",
            "hash": "a02ea11838f1720d4c1b319686d7520e"
        },
        {
            "date": 1616968807468,
            "name": "logs\\info\\2021-03-29.log",
            "hash": "3c0aa72191f5310c14e1925de2aa2f42"
        },
        {
            "date": 1617098834943,
            "name": "logs\\info\\2021-03-30.log",
            "hash": "64d0ad217c582308d1b44ac1e3f1f643"
        },
        {
            "date": 1617362605132,
            "name": "logs\\info\\2021-04-02.log",
            "hash": "5ccddc06629e936e0da1da18cf123951"
        },
        {
            "date": 1617698697453,
            "name": "logs\\info\\2021-04-06.log",
            "hash": "baf76bdaead5635d9d481289ae988e09"
        },
        {
            "date": 1617781515128,
            "name": "logs\\info\\2021-04-07.log",
            "hash": "05fffbbd7c6157be3e40f86be235c866"
        },
        {
            "date": 1617873239409,
            "name": "logs\\info\\2021-04-08.log",
            "hash": "b5f6d7ff968288e4829f3a5175bbbcfc"
        },
        {
            "date": 1618324412197,
            "name": "logs\\info\\2021-04-13.log",
            "hash": "0577d62ca0bf87219ab1741d8baebc85"
        },
        {
            "date": 1618387384991,
            "name": "logs\\info\\2021-04-14.log",
            "hash": "a57b97a03baab54ada4d6fb4fe76c141"
        },
        {
            "date": 1618471354680,
            "name": "logs\\info\\2021-04-15.log",
            "hash": "ec09de7fe0fad621c4a1d4f0691b61e6"
        }
    ]
}