{
    "atlas" : {
        "port": 3000,
        "hotsname": "localhost"
    },

    "extensions" : {
        "artemis" : "2.1.1",
        "demeter" : "2.3.3"
    },

    "workspace" : {
        "profiles" : "./profiles/",
        "extensions" : "./extensions/"
    },


    "imaging" : {
        "installation" : "C:\\Program Files\\CAST\\ImagingSystem\\",
        "folders": {
            "plugins": "neo4j\\plugins\\",
            "tech_icon": "nginx\\html\\img\\technology\\"
        }
    },


    "neo4j": {
        "uri":"neo4j://localhost:7687",
        "user":"neo4j",
        "password":"imaging"
    },

    "artemis" : {
        "frameworkNode" : "ArtemisFramework"
    },

    "agent": {
        "reload" : {
            "frameworkAgent" : 2000,
            "levelAgent" : 2000,
            "moduleAgent" : 2000,
            "architectureAgent" : 2000
        }
    },

    "assistant": {
        "reload": 10000
    },

    "authentication": {
        "reloadDelay" : 30000
    }
}