{
    "keep": {
        "days": false,
        "amount": 30
    },
    "auditLog": "logs\\error\\.b8dab40d97b8d1357fcde0f93f20a6c1dfa802f3-audit.json",
    "files": [
        {
            "date": 1614878528895,
            "name": "logs\\error\\2021-03-04.error.log",
            "hash": "c06c7db2e83c3bb098f27efbfb665f63"
        },
        {
            "date": 1614936258253,
            "name": "logs\\error\\2021-03-05.error.log",
            "hash": "3fd43cc1891dacc0a8f2fbd5d951c700"
        },
        {
            "date": 1615137406646,
            "name": "logs\\error\\2021-03-07.error.log",
            "hash": "d719a26f71cfe104e34b298efb577bb0"
        },
        {
            "date": 1615216373244,
            "name": "logs\\error\\2021-03-08.error.log",
            "hash": "9bdfd0c01b2fa0272324e2d5c8843354"
        },
        {
            "date": 1615304274987,
            "name": "logs\\error\\2021-03-09.error.log",
            "hash": "b82749c38ee33956e47ceeee8e9a01e3"
        },
        {
            "date": 1615453180638,
            "name": "logs\\error\\2021-03-11.error.log",
            "hash": "4a5cdaa2601bbb6dd56769906b2da186"
        },
        {
            "date": 1615539132281,
            "name": "logs\\error\\2021-03-12.error.log",
            "hash": "c547c43fa4ae466c94a862ece3c52ea1"
        },
        {
            "date": 1615801947890,
            "name": "logs\\error\\2021-03-15.error.log",
            "hash": "c9faeceae514b3fa4728676d5a9b3e04"
        },
        {
            "date": 1615881114906,
            "name": "logs\\error\\2021-03-16.error.log",
            "hash": "1bb991914b334ac2f9383cc8f2c7ff01"
        },
        {
            "date": 1616401782987,
            "name": "logs\\error\\2021-03-22.error.log",
            "hash": "3d255d9727013fb17ceeeb5373e5778e"
        },
        {
            "date": 1616489192630,
            "name": "logs\\error\\2021-03-23.error.log",
            "hash": "71fcf06be2497f15da3011a3b786931a"
        },
        {
            "date": 1616574070668,
            "name": "logs\\error\\2021-03-24.error.log",
            "hash": "19f75434b60169271c24e185a3cfc412"
        },
        {
            "date": 1616659074984,
            "name": "logs\\error\\2021-03-25.error.log",
            "hash": "4c54c3c53da819cfd82e2215ec6a4c01"
        },
        {
            "date": 1616752158917,
            "name": "logs\\error\\2021-03-26.error.log",
            "hash": "1f4f5d83d29316c208bc3bc399d695d1"
        },
        {
            "date": 1616962840189,
            "name": "logs\\error\\2021-03-28.error.log",
            "hash": "44af930b4fe1ca103aa293cbba426f06"
        },
        {
            "date": 1617003233531,
            "name": "logs\\error\\2021-03-29.error.log",
            "hash": "f841784ed640966b1edbbb5ade5a1faa"
        },
        {
            "date": 1617098834996,
            "name": "logs\\error\\2021-03-30.error.log",
            "hash": "f498f425119992c0d0238a4968e04fa0"
        },
        {
            "date": 1617362605149,
            "name": "logs\\error\\2021-04-02.error.log",
            "hash": "d7c635e0df24c2b5bec5235cb21b8665"
        },
        {
            "date": 1617698697519,
            "name": "logs\\error\\2021-04-06.error.log",
            "hash": "a005a37c04c9ae8ad2dd7f6cb67af42d"
        },
        {
            "date": 1617781515259,
            "name": "logs\\error\\2021-04-07.error.log",
            "hash": "3c0ab25f0ecd3f7f28db510c2c3dfea7"
        },
        {
            "date": 1617873239438,
            "name": "logs\\error\\2021-04-08.error.log",
            "hash": "92eeb776f25c1f85eda3f51ec2d2f374"
        },
        {
            "date": 1618324412232,
            "name": "logs\\error\\2021-04-13.error.log",
            "hash": "fca2667caada783e29ce8ad638a613c7"
        },
        {
            "date": 1618387385004,
            "name": "logs\\error\\2021-04-14.error.log",
            "hash": "b8b8094d744d9793425161eab7784e48"
        },
        {
            "date": 1618471354692,
            "name": "logs\\error\\2021-04-15.error.log",
            "hash": "a2cf8968de4f768f9c5891fe0cefaeb2"
        },
        {
            "date": 1618559965400,
            "name": "logs\\error\\2021-04-16.error.log",
            "hash": "869008b53e5ab1c1c49a7eb90af221ee"
        },
        {
            "date": 1618645063009,
            "name": "logs\\error\\2021-04-17.error.log",
            "hash": "6d9d6dad2e6a47be5de6317d9e0f9860"
        },
        {
            "date": 1619422973764,
            "name": "logs\\error\\2021-04-26.error.log",
            "hash": "abc5b3a3dfe3ed63c5071989d6b585e0"
        }
    ]
}